{
	"$schema": "http://json-schema.org/draft-04/schema#",
	"additionalProperties": false,
	"definitions": {
		".mga:B2CCompSmryRpt": {
			"$ref": "#/definitions/mga:AccountActivitySummaryReport",
			"description": "Compliance Detailed Report to be generated by B2C operators. This report has to be generated daily, 00:00:00 UTC. Filing is automatic following generation. The MGA shall datestamp and hash the report. The difference time between Datestamp and creation date must be less than 15 seconds. Data must be reported in absolute terms. i.e even for players or accounts that have been not active during the period. Test accounts and dummy accounts are to be included in this report."
		},
		".mga:BettingActivitySummary": {
			"additionalProperties": false,
			"description": "Information on Betting Activity",
			"properties": {
				"mga:PlyrTp": {
					"$ref": "#/definitions/rri:PlayerTypes1"
				},
				"mga:TtlBtSlpTrSmry": {
					"$ref": "#/definitions/mga:BetSlipsTransactionSummary",
					"description": "Bet Slips transaction summary for the period"
				},
				"mga:TtlBtTrSmry": {
					"$ref": "#/definitions/mga:BetsTransactionSummary",
					"description": "Bet Transaction Summary"
				}
			},
			"required": [
				"mga:PlyrTp",
				"mga:TtlBtSlpTrSmry",
				"mga:TtlBtTrSmry"
			],
			"type": "object"
		},
		".mga:CurrencyType": {
			"anyOf": [
				{
					"description": "ISO 4217:2015 for fiat Currencies",
					"maxLength": 3,
					"minLength": 0,
					"pattern": "^(A|(D|F|D|P|E|D|F|A|F|N|L|L|M|D|N|G|O|A|O|K|O|N|O|R|R|A|R|L|R|P|R|S|T|S|U|D|W|G|Z|M|ZN)|B|(A|D|A|M|B|D|D|T|E|F|G|L|G|N|H|D|I|F|M|D|N|D|O|B|O|P|O|V|R|B|R|C|R|E|R|L|R|N|R|R|S|D|T|N|W|P|Y|B|Y|N|Y|R|ZD)|C|(A|D|D|F|H|E|H|F|H|W|L|E|L|F|L|P|N|Y|O|P|O|U|R|C|S|D|S|K|U|C|U|P|V|E|Y|P|ZK)|D|(D|M|E|M|J|F|K|K|O|P|ZD)|E|(C|S|C|V|E|K|G|P|R|N|S|A|S|B|S|P|T|B|UR)|F|(I|M|J|D|K|P|RF)|G|(B|P|E|L|H|C|H|S|I|P|M|D|N|E|N|F|Q|E|R|D|T|Q|WP)|H|(K|D|N|L|R|D|R|K|T|G|UF)|I|(D|R|E|P|L|P|L|R|L|S|N|R|Q|D|R|R|S|J|S|K|TL)|J|(M|D|O|D|PY)|K|(E|S|G|S|H|R|M|F|P|W|R|W|W|D|Y|D|ZT)|L|(A|K|B|P|K|R|B|P|K|R|R|D|S|L|T|L|U|F|V|L|YD)|M|(A|D|A|F|C|F|D|L|G|A|G|F|K|D|K|N|L|V|M|K|N|T|O|P|R|O|T|L|U|R|V|Q|V|R|W|K|X|N|X|P|X|V|Y|R|Z|M|ZN)|N|(A|D|G|N|I|O|L|G|O|K|P|R|ZD)|O|M|R|P|(A|B|E|N|G|K|H|P|K|R|L|N|T|E|YG)|Q|A|R|R|(O|N|S|D|U|B|WF)|S|(A|R|B|D|C|R|D|G|E|K|G|D|H|P|I|T|K|K|L|L|M|L|O|S|R|D|S|P|T|D|V|C|Y|P|ZL)|T|(H|B|J|S|M|T|N|D|O|P|R|Y|T|D|W|D|ZS)|U|(A|H|G|X|S|D|S|N|Y|I|YU)|Z|S|V|(A|L|E|F|N|D|UV)|W|S|T|X|(A|F|A|G|A|U|B|A|B|B|B|C|B|D|B|T|C|D|D|R|F|U|O|K|P|D|P|F|P|T|S|U|T|S|UA)|Y|E|R|Z(A|R|M|W|WL))$",
					"type": "string"
				},
				{
					"description": "The forex rate for the currency to Euro as published on the report date by the European Central Bank",
					"type": "number"
				},
				{
					"description": "Codes for Virtual Currencies",
					"maxLength": 3,
					"minLength": 0,
					"pattern": "^([A-Z]{3,3})$",
					"type": "string"
				}
			]
		},
		"mga:AccountActivitySummary": {
			"additionalProperties": false,
			"description": "Summary of a Player Account Activity",
			"properties": {
				"mga:TtlBlckd": {
					"$ref": "#/definitions/rri:MonetaryAmount",
					"description": "Total Monetary Amount of Money blocked at the end of the period."
				},
				"mga:TtlCashIn": {
					"$ref": "#/definitions/rri:MonetaryAmount",
					"description": "Total Monetary Amount of Cash In that did not result from Gaming activity."
				},
				"mga:TtlCashOut": {
					"$ref": "#/definitions/rri:MonetaryAmount",
					"description": "Total Monetary Amount cash out that was not gaming activity and was not withdrawn. For example buddy transfer to paying of commission fees."
				},
				"mga:TtlDpst": {
					"$ref": "#/definitions/rri:MonetaryAmount",
					"description": "Total Monetary Amount Deposited during period."
				},
				"mga:TtlFndsInPly": {
					"$ref": "#/definitions/rri:MonetaryAmount",
					"description": "Total Funds in Play at the End of the Period."
				},
				"mga:TtlOpnBlc": {
					"$ref": "#/definitions/rri:MonetaryAmount",
					"description": "Total Opening Balance at the start of the period."
				},
				"mga:TtlUndRun": {
					"$ref": "#/definitions/rri:MonetaryAmount",
					"description": "Total Underrun. The Underrun is the excess of the original wager price over the final cost of a wager."
				},
				"mga:TtlWthdrw": {
					"$ref": "#/definitions/rri:MonetaryAmount",
					"description": "Total Monetary Amount Withdrawn during period."
				}
			},
			"required": [
				"mga:TtlBlckd",
				"mga:TtlCashIn",
				"mga:TtlCashOut",
				"mga:TtlDpst",
				"mga:TtlFndsInPly",
				"mga:TtlOpnBlc",
				"mga:TtlUndRun",
				"mga:TtlWthdrw"
			],
			"type": "object"
		},
		"mga:AccountActivitySummaryReport": {
			"additionalProperties": false,
			"description": "Account Acctivity Summary",
			"properties": {
				"mga:B2CJckPtsSmry": {
					"$ref": "#/definitions/mga:JackpotsSummary",
					"description": "Jacpots organized by the B2C operator"
				},
				"mga:CCY": {
					"items": {
						"additionalProperties": false,
						"description": "Currency Type.",
						"properties": {
							"@BaseRate": {
								"$ref": "#/definitions/xs:decimal"
							},
							"@CCY": {
								"$ref": "#/definitions/rri:ISOCurrencyCode"
							},
							"mga:PlyrActvySmry": {
								"$ref": "#/definitions/mga:AccountActivitySummary",
								"description": "Report Details"
							}
						},
						"required": [
							"mga:PlyrActvySmry"
						],
						"type": "object"
					},
					"minItems": 1,
					"type": "array"
				},
				"mga:Header": {
					"$ref": "#/definitions/mga:DocumentHeaderType1",
					"description": "Report Metadata"
				}
			},
			"required": [
				"mga:CCY",
				"mga:Header"
			],
			"type": "object"
		},
		"mga:AccountActivitySummarybyPlayerType": {
			"additionalProperties": false,
			"properties": {
				"mga:AccActvySmry": {
					"$ref": "#/definitions/mga:AccountActivitySummary"
				},
				"mga:PlyrTp": {
					"$ref": "#/definitions/rri:PlayerTypes1"
				}
			},
			"required": [
				"mga:AccActvySmry",
				"mga:PlyrTp"
			],
			"type": "object"
		},
		"mga:B2BGameTypesMT": {
			"description": "B2B Game Types as defined in the Gaming Act, Malta",
			"enum": [
				"Type1",
				"Type2",
				"Type3",
				"Type4"
			],
			"maxLength": 16,
			"minLength": 0,
			"type": "string"
		},
		"mga:BaseRateEuro": {
			"description": "The forex rate for the currency to Euro as published on the report date by the European Central Bank",
			"type": "number"
		},
		"mga:BetSlipsTransactionSummary": {
			"additionalProperties": false,
			"description": "Betting Slips Activity Summary",
			"properties": {
				"mga:TtlPayOutAmnt": {
					"$ref": "#/definitions/rri:MonetaryAmount",
					"description": "Total Monetary Amount paid-out for the period. (Return to player)."
				},
				"mga:TtlSlipAmtPndg": {
					"$ref": "#/definitions/rri:MonetaryAmount",
					"description": "Total Monetary Amount pending at the end of the period. (From TtlSlipPndg above)."
				},
				"mga:TtlSlipAmtUncashed": {
					"$ref": "#/definitions/rri:MonetaryAmount",
					"description": "Total Monetary Amount in bets slips uncashed at the end of the period. (from TtlSlipUncashed above)."
				},
				"mga:TtlSlipClsd": {
					"$ref": "#/definitions/rri:Number",
					"description": "Total Number of bets  slips fully closed during the period. (ie bet slips that have been closed and player paid out)."
				},
				"mga:TtlSlipCncld": {
					"$ref": "#/definitions/rri:Number",
					"description": "Total Number of bets  slips cancelled during the period. (ie bet slips that have been invalidated for some reason)."
				},
				"mga:TtlSlipPlyd": {
					"$ref": "#/definitions/mga:GameCount",
					"description": "Total Number of bet slips laid during period. This represents Slips not the total number of Bets. If a bet slip contains multiple singles but a unique bets slip ID then it should be considered as 1 bet slip, otherwise the bets must be the total of seperated  bet slips."
				},
				"mga:TtlSlipPndg": {
					"$ref": "#/definitions/rri:Number",
					"description": "Total Number of bet Slips pending at the end of the period."
				},
				"mga:TtlSlipUncashed": {
					"$ref": "#/definitions/rri:Number",
					"description": "Total Number of bets  slips uncashed at the end of the period. (This applies for non-account wagering only)."
				},
				"mga:TtlStkAmt": {
					"$ref": "#/definitions/rri:MonetaryAmount",
					"description": "Total Monetary Amount wagered in Bet Slips for the period (in TtlSlipPlyd above)"
				}
			},
			"required": [
				"mga:TtlPayOutAmnt",
				"mga:TtlSlipAmtPndg",
				"mga:TtlSlipClsd",
				"mga:TtlSlipCncld",
				"mga:TtlSlipPlyd",
				"mga:TtlSlipPndg",
				"mga:TtlStkAmt"
			],
			"type": "object"
		},
		"mga:BetType": {
			"additionalProperties": false,
			"description": "Type of Bets",
			"properties": {
				"mga:Combo": {
					"$ref": "#/definitions/rri:Max16Text"
				},
				"mga:Multi": {
					"$ref": "#/definitions/rri:Max16Text"
				},
				"mga:Other": {
					"$ref": "#/definitions/rri:Max16Text"
				},
				"mga:Single": {
					"$ref": "#/definitions/rri:Max16Text"
				}
			},
			"required": [
				"mga:Combo",
				"mga:Multi",
				"mga:Other",
				"mga:Single"
			],
			"type": "object"
		},
		"mga:BetsTransactionSummary": {
			"additionalProperties": false,
			"description": "Betting Transactions Summary",
			"properties": {
				"mga:BetTypes": {
					"additionalProperties": false,
					"properties": {
						"mga:TtlReal": {
							"$ref": "#/definitions/mga:BettingVerticals",
							"description": "Total Amount of bets opened based on real  events during the period. Based on open bets"
						},
						"mga:TtlVirtual": {
							"$ref": "#/definitions/mga:BettingVerticals",
							"description": "Total Amount of bets opened based on virtual events during the period. Based on open Bets"
						}
					},
					"required": [
						"mga:TtlReal",
						"mga:TtlVirtual"
					],
					"type": "object"
				},
				"mga:TtlBetsClsd": {
					"$ref": "#/definitions/rri:Number",
					"description": "Total number of bets closed during the period."
				},
				"mga:TtlBetsOpn": {
					"$ref": "#/definitions/rri:Number",
					"description": "Total Number of bets opened during the period."
				},
				"mga:TtlBetsPndg": {
					"$ref": "#/definitions/rri:Number",
					"description": "Total number of bets pending at the end of the period."
				}
			},
			"required": [
				"mga:BetTypes",
				"mga:TtlBetsClsd",
				"mga:TtlBetsOpn",
				"mga:TtlBetsPndg"
			],
			"type": "object"
		},
		"mga:BettingVerticals": {
			"additionalProperties": false,
			"description": "Type of Betting Markets",
			"properties": {
				"mga:Events": {
					"$ref": "#/definitions/rri:Max16Text",
					"description": "Events other than sports or lotteries. (such as weather, election results, TV contests,etc.)"
				},
				"mga:Lotteries": {
					"$ref": "#/definitions/rri:Max16Text"
				},
				"mga:Sports": {
					"$ref": "#/definitions/rri:Max16Text"
				}
			},
			"required": [
				"mga:Events",
				"mga:Lotteries",
				"mga:Sports"
			],
			"type": "object"
		},
		"mga:DocumentHeaderType1": {
			"additionalProperties": false,
			"description": "Document Header Type 1",
			"properties": {
				"mga:CrtDtTm": {
					"$ref": "#/definitions/rri:ISODateTime",
					"description": "Report Creation Date and Time."
				},
				"mga:Ctgy": {
					"$ref": "#/definitions/rri:DocumentCategoryType",
					"description": "Category"
				},
				"mga:PrdTp": {
					"$ref": "#/definitions/rri:DocumentPeriodType",
					"description": "Submission Report Period. Report must be periodic."
				},
				"mga:RprtOprtr": {
					"$ref": "#/definitions/rri:Max35Text",
					"description": "Gaming Licence ID of Rapporteur"
				},
				"mga:RprtStrtDt": {
					"$ref": "#/definitions/rri:ISODateTime",
					"description": "Report Covering Period Start Date and Time."
				},
				"mga:RprtToCntry": {
					"$ref": "#/definitions/rri:ISOCountryCode",
					"description": "Reporting to Country"
				},
				"mga:RprtURL": {
					"items": {
						"$ref": "#/definitions/rri:URL",
						"description": "List all website that are covered by this report."
					},
					"type": "array"
				},
				"mga:RptPrd": {
					"$ref": "#/definitions/rri:ISODuration",
					"description": "Report Covering Period is that of 1 report per Day."
				},
				"mga:Tp": {
					"$ref": "#/definitions/rri:DocumentType",
					"description": "Type of Document."
				}
			},
			"required": [
				"mga:CrtDtTm",
				"mga:Ctgy",
				"mga:PrdTp",
				"mga:RprtOprtr",
				"mga:RprtStrtDt",
				"mga:RprtToCntry",
				"mga:RptPrd",
				"mga:Tp"
			],
			"type": "object"
		},
		"mga:GameCount": {
			"description": "Information about Game Counts",
			"minimum": 0,
			"type": "number"
		},
		"mga:JackpotsSummary": {
			"additionalProperties": false,
			"description": "Information on how a Jackpot Ended",
			"properties": {
				"mga:Jackpot": {
					"items": {
						"$ref": "#/definitions/rri:JackpotInfoType2"
					},
					"minItems": 1,
					"type": "array"
				}
			},
			"required": [
				"mga:Jackpot"
			],
			"type": "object"
		},
		"mga:OperatorMTLicence": {
			"description": "Malta Gaming Authority Licence Number",
			"maxLength": 35,
			"minLength": 0,
			"pattern": "^([A-Za-z]+/[A-Za-z]*)$",
			"type": "string"
		},
		"mga:PeriodTypes": {
			"description": "Time Periods",
			"enum": [
				"RealTime",
				"Minute",
				"Hourly",
				"Daily",
				"Weekly",
				"Monthly",
				"Half Yearly",
				"Yearly",
				"Licence Period"
			],
			"maxLength": 16,
			"minLength": 0,
			"type": "string"
		},
		"mga:PlayerAccount": {
			"additionalProperties": false,
			"description": "Player Account Information",
			"properties": {
				"mga:AccActvyByCcy": {
					"items": {
						"$ref": "#/definitions/mga:PlayerAcctActivity1"
					},
					"type": "array"
				}
			},
			"type": "object"
		},
		"mga:PlayerAccountDetailType1": {
			"additionalProperties": false,
			"description": "Player Accounts Details listed as at the end of the period. The list must be absolute including test accounts.",
			"properties": {
				"mga:AcctSt": {
					"$ref": "#/definitions/rri:AccountStatusType1",
					"description": "Account Status at the end of the period. Active, Blocked, Dormant"
				},
				"mga:CtryOfRprt": {
					"$ref": "#/definitions/rri:ISOCountryCode",
					"description": "Optional field to indicate the Reporting Country for this account other than Malta."
				},
				"mga:PlyrDtls": {
					"$ref": "#/definitions/rri:PlayerIdentificationType5",
					"description": "Player Details."
				},
				"mga:PlyrWgrActvy": {
					"$ref": "#/definitions/mga:WagerActivitySummary"
				}
			},
			"required": [
				"mga:AcctSt",
				"mga:PlyrDtls",
				"mga:PlyrWgrActvy"
			],
			"type": "object"
		},
		"mga:PlayerAccountDetailType2": {
			"additionalProperties": false,
			"description": "Player Accounts Details listed as at the end of the period. The list must be absolute including test accounts.",
			"properties": {
				"mga:AcctSt": {
					"$ref": "#/definitions/rri:AccountStatusType1",
					"description": "Account Status at the end of the period. Active, Blocked, Dormant"
				},
				"mga:CtryOfRprt": {
					"$ref": "#/definitions/rri:ISOCountryCode",
					"description": "Optional field to indicate the Reporting Country for this account other than Malta."
				},
				"mga:PlyrDtls": {
					"$ref": "#/definitions/rri:PlayerIdentificationType5",
					"description": "Player Details."
				},
				"mga:PlyrWgrActvy": {
					"$ref": "#/definitions/mga:WagerActivitySummary"
				}
			},
			"required": [
				"mga:AcctSt",
				"mga:PlyrDtls",
				"mga:PlyrWgrActvy"
			],
			"type": "object"
		},
		"mga:PlayerAccountDetailType3": {
			"additionalProperties": false,
			"description": "Player Accounts Details listed as at the end of the period. The list must be absolute including test accounts.",
			"properties": {
				"mga:AcctSt": {
					"$ref": "#/definitions/rri:AccountStatusType1",
					"description": "Account Status at the end of the period. Active, Blocked, Dormant"
				},
				"mga:CtryOfRprt": {
					"$ref": "#/definitions/rri:ISOCountryCode",
					"description": "Optional field to indicate the Reporting Country for this account other than Malta."
				},
				"mga:Plyr": {
					"$ref": "#/definitions/rri:PlayerIdentificationType3",
					"description": "Player Details."
				}
			},
			"required": [
				"mga:AcctSt",
				"mga:Plyr"
			],
			"type": "object"
		},
		"mga:PlayerAcctActivity1": {
			"additionalProperties": false,
			"description": "Activity Information of a Player's Account",
			"properties": {
				"mga:AcctBlck": {
					"$ref": "#/definitions/xs:boolean",
					"description": "Account Blocked? (Y/N)"
				},
				"mga:AcctClsDt": {
					"$ref": "#/definitions/rri:ISODate",
					"description": "Account Closed Date if account is Closed."
				},
				"mga:AcctCrtDt": {
					"$ref": "#/definitions/rri:ISODate",
					"description": "Account Creation Date"
				},
				"mga:LstLgnDt": {
					"$ref": "#/definitions/rri:ISODate",
					"description": "Date of Last login"
				},
				"mga:LstLgnIP": {
					"$ref": "#/definitions/rri:ISODate",
					"description": "IP address of last login"
				}
			},
			"required": [
				"mga:AcctCrtDt"
			],
			"type": "object"
		},
		"mga:PlayerActivitySummary": {
			"additionalProperties": false,
			"description": "Player Activity Information",
			"properties": {
				"mga:BettingActivitySummary": {
					"items": {
						"$ref": "#/definitions/.mga:BettingActivitySummary"
					},
					"minItems": 1,
					"type": "array"
				}
			},
			"required": [
				"mga:BettingActivitySummary"
			],
			"type": "object"
		},
		"mga:PoolTypes": {
			"additionalProperties": false,
			"description": "Types of Pool Betting",
			"properties": {
				"mga:Bingo": {
					"$ref": "#/definitions/rri:Max16Text"
				},
				"mga:Jackpot": {
					"$ref": "#/definitions/rri:Max16Text"
				},
				"mga:Lottery": {
					"$ref": "#/definitions/rri:Max16Text"
				},
				"mga:Other": {
					"$ref": "#/definitions/rri:Max16Text"
				},
				"mga:Parimutuel": {
					"$ref": "#/definitions/rri:Max16Text"
				},
				"mga:PoolBetting": {
					"$ref": "#/definitions/rri:Max16Text"
				}
			},
			"required": [
				"mga:Bingo",
				"mga:Jackpot",
				"mga:Lottery",
				"mga:Other",
				"mga:Parimutuel",
				"mga:PoolBetting"
			],
			"type": "object"
		},
		"mga:SportsTypes": {
			"additionalProperties": false,
			"description": "Major sports on whihc MGA  collects statistical data",
			"properties": {
				"mga:AmericanFootball": {
					"$ref": "#/definitions/rri:Max16Text"
				},
				"mga:Basketball": {
					"$ref": "#/definitions/rri:Max16Text"
				},
				"mga:Cycling": {
					"$ref": "#/definitions/rri:Max16Text"
				},
				"mga:HorseRacing": {
					"$ref": "#/definitions/rri:Max16Text"
				},
				"mga:Other": {
					"$ref": "#/definitions/rri:Max16Text"
				},
				"mga:Soccer": {
					"$ref": "#/definitions/rri:Max16Text"
				}
			},
			"required": [
				"mga:AmericanFootball",
				"mga:Basketball",
				"mga:Cycling",
				"mga:HorseRacing",
				"mga:Other",
				"mga:Soccer"
			],
			"type": "object"
		},
		"mga:SummaryCashFlowByType1Game": {
			"additionalProperties": false,
			"properties": {
				"mga:GameID": {
					"$ref": "#/definitions/rri:Max35Text",
					"description": "Unique Identifier for Game"
				},
				"mga:GameType": {
					"$ref": "#/definitions/mga:Type1Games",
					"description": "Sub- type of Type 1 Game"
				},
				"mga:TtlCoinIn": {
					"$ref": "#/definitions/rri:MonetaryAmount",
					"description": "Total Coin In Game"
				},
				"mga:TtlCoinOut": {
					"$ref": "#/definitions/rri:MonetaryAmount",
					"description": "Total Con Out of Game"
				},
				"mga:TtlGamesPlayed": {
					"$ref": "#/definitions/mga:GameCount",
					"description": "Total number of Games played. Do NOT report games  if not played during period."
				},
				"mga:VendorID": {
					"$ref": "#/definitions/rri:Max35Text",
					"description": "Id for Game Vendor . Optional if the same as Reporting operator"
				}
			},
			"required": [
				"mga:GameID",
				"mga:GameType",
				"mga:TtlCoinIn",
				"mga:TtlCoinOut",
				"mga:TtlGamesPlayed"
			],
			"type": "object"
		},
		"mga:SummaryCashFlowByType1LiveTable": {
			"additionalProperties": false,
			"properties": {
				"mga:TblID": {
					"$ref": "#/definitions/rri:Max16Text",
					"description": "Table ID"
				},
				"mga:TtlCredits": {
					"$ref": "#/definitions/rri:MonetaryAmount",
					"description": "Total monetary Amount on Credits"
				},
				"mga:TtlDrop": {
					"$ref": "#/definitions/rri:MonetaryAmount",
					"description": "Total Monetary value on Drop on Tables"
				},
				"mga:TtlFills": {
					"$ref": "#/definitions/rri:MonetaryAmount",
					"description": "Total Monetary Amount on Fills"
				},
				"mga:TtlOnAccount": {
					"$ref": "#/definitions/rri:MonetaryAmount",
					"description": "Total Monetary Value on Account"
				}
			},
			"required": [
				"mga:TblID",
				"mga:TtlCredits",
				"mga:TtlDrop",
				"mga:TtlFills",
				"mga:TtlOnAccount"
			],
			"type": "object"
		},
		"mga:SummaryCashflowByOperator": {
			"additionalProperties": false,
			"properties": {
				"mga:TtlCoinIn": {
					"$ref": "#/definitions/rri:MonetaryAmount",
					"description": "Total Monetary Amount wagered for the period"
				},
				"mga:TtlCoinOut": {
					"$ref": "#/definitions/rri:MonetaryAmount",
					"description": "Total Monetary Amount won for the period."
				},
				"mga:TtlCshblCrdtIn": {
					"$ref": "#/definitions/rri:MonetaryAmount",
					"description": "Total Monetary Amount of cashable credits played"
				},
				"mga:TtlCshblCrdtOut": {
					"$ref": "#/definitions/rri:MonetaryAmount",
					"description": "Total Monetary Amount of cashable credits won"
				},
				"mga:TtlJckptCntrb": {
					"$ref": "#/definitions/rri:MonetaryAmount",
					"description": "Total Jackpot Contribution"
				},
				"mga:TtlJckptWon": {
					"$ref": "#/definitions/rri:MonetaryAmount",
					"description": "Total Jackpot Monetary Amount won by players"
				},
				"mga:TtlNonCshblCrdtIn": {
					"$ref": "#/definitions/rri:MonetaryAmount",
					"description": "Total Monetary Amount of non cashable credits played"
				},
				"mga:TtlNonCshblCrdtOut": {
					"$ref": "#/definitions/rri:MonetaryAmount",
					"description": "Total Monetary Amount of non cashable credits won"
				},
				"mga:TtlPending": {
					"$ref": "#/definitions/rri:MonetaryAmount",
					"description": "Total Monetary Amount in pending funds in games for the period."
				}
			},
			"required": [
				"mga:TtlCoinIn",
				"mga:TtlCoinOut"
			],
			"type": "object"
		},
		"mga:SummaryLiveGameCashflowByPlayerType": {
			"additionalProperties": false,
			"properties": {
				"mga:Player": {
					"$ref": "#/definitions/rri:PlayerTypes1"
				},
				"mga:SmryCshFlTpLvTbl": {
					"items": {
						"$ref": "#/definitions/mga:SummaryCashFlowByType1LiveTable"
					},
					"minItems": 1,
					"type": "array"
				}
			},
			"required": [
				"mga:Player",
				"mga:SmryCshFlTpLvTbl"
			],
			"type": "object"
		},
		"mga:SummaryType1ActivitybyOperator": {
			"additionalProperties": false,
			"description": "Summary Game Activity By Operator",
			"properties": {
				"mga:OprId": {
					"$ref": "#/definitions/mga:OperatorMTLicence",
					"description": "Operator unique Identifier by MT B2C licence"
				},
				"mga:SmryOprCashFlow": {
					"$ref": "#/definitions/mga:SummaryCashflowByOperator"
				},
				"mga:TtlGamePly": {
					"$ref": "#/definitions/mga:GameCount",
					"description": "Total games played during period. Set to 0 if there are no games played for the period."
				}
			},
			"required": [
				"mga:OprId",
				"mga:SmryOprCashFlow",
				"mga:TtlGamePly"
			],
			"type": "object"
		},
		"mga:Type1GameSession": {
			"additionalProperties": false,
			"properties": {
				"mga:GameID": {
					"$ref": "#/definitions/rri:Max35Text",
					"description": "Unique Identifier for Game"
				},
				"mga:GameType": {
					"$ref": "#/definitions/mga:Type1Games",
					"description": "Sub- type of Type 1 Game"
				},
				"mga:StartDateTime": {
					"$ref": "#/definitions/rri:ISODateTime",
					"description": "Start of Game Timestamp."
				},
				"mga:TransactionID": {
					"$ref": "#/definitions/rri:Max140Text",
					"description": "UniqueID for Game Transaction"
				},
				"mga:TtlCoinIn": {
					"$ref": "#/definitions/rri:MonetaryAmount",
					"description": "Total Coin In Game"
				},
				"mga:TtlCoinOut": {
					"$ref": "#/definitions/rri:MonetaryAmount",
					"description": "Total Con Out of Game"
				},
				"mga:TtlGamesPlayed": {
					"$ref": "#/definitions/mga:GameCount",
					"description": "Total number of Games played. Do NOT report games  if not played during period."
				},
				"mga:VendorID": {
					"$ref": "#/definitions/rri:Max35Text",
					"description": "Id for Game Vendor . Optional if the same as Reporting operator"
				}
			},
			"required": [
				"mga:GameID",
				"mga:GameType",
				"mga:StartDateTime",
				"mga:TransactionID",
				"mga:TtlCoinIn",
				"mga:TtlCoinOut",
				"mga:TtlGamesPlayed"
			],
			"type": "object"
		},
		"mga:Type1Games": {
			"description": "Type 1 Games",
			"enum": [
				"Slots",
				"Video poker",
				"Roulette",
				"Black Jack",
				"Poker",
				"Baccarat",
				"Punto Banco",
				"Lotteries",
				"Secondary lotteries",
				"Virtual sports games",
				"Other"
			],
			"maxLength": 35,
			"minLength": 0,
			"type": "string"
		},
		"mga:Type2Games": {
			"description": "Type 2 Games",
			"enum": [
				"American Footall",
				"Athletics",
				"Baseball",
				"Basketball",
				"Canadian Footall",
				"Cricket",
				"Cycling",
				"Golf",
				"Horse Racing",
				"Motor Sports",
				"Soccer",
				"Swimming",
				"Tennis",
				"Water Polo",
				"Other"
			],
			"maxLength": 35,
			"minLength": 0,
			"type": "string"
		},
		"mga:Type3DetailedGameActivityByOperator": {
			"additionalProperties": false,
			"description": "Game Activity by Operator",
			"properties": {
				"mga:OprId": {
					"$ref": "#/definitions/mga:OperatorMTLicence",
					"description": "Operator unique Identifier by MT B2C licence"
				},
				"mga:PokerGameSession": {
					"items": {
						"$ref": "#/definitions/mga:Type3PokerGameSession"
					},
					"type": "array"
				},
				"mga:PoolGameSession": {
					"items": {
						"$ref": "#/definitions/mga:Type3PoolGameSession"
					},
					"type": "array"
				}
			},
			"required": [
				"mga:OprId"
			],
			"type": "object"
		},
		"mga:Type3Games": {
			"description": "Type 3 Games",
			"enum": [
				"Betting exchange",
				"P2P poker",
				"P2P bingo",
				"Raffles",
				"Scratch cards",
				"Pari mutuel",
				"Pool betting",
				"Lottery messenger",
				"Other"
			],
			"maxLength": 35,
			"minLength": 0,
			"type": "string"
		},
		"mga:Type3PokerGameSession": {
			"additionalProperties": false,
			"description": "Poker Game Session",
			"properties": {
				"mga:Ccy": {
					"$ref": "#/definitions/rri:CurrencyCode",
					"description": "Currency. Can be omitted if game is palyed in Euros."
				},
				"mga:EndTm": {
					"$ref": "#/definitions/rri:ISODateTime",
					"description": "End of Game Date/Time Stamp"
				},
				"mga:PotAmnt": {
					"$ref": "#/definitions/rri:MonetaryAmount",
					"description": "Poker Game Pot Amount"
				},
				"mga:RakeAmnt": {
					"$ref": "#/definitions/rri:MonetaryAmount",
					"description": "Poker Game Rake Amount"
				},
				"mga:Seat": {
					"items": {
						"additionalProperties": false,
						"description": "Player seating on the table.",
						"properties": {
							"@Seat_No": {
								"maximum": 12,
								"minimum": 1,
								"type": "number"
							},
							"mga:OprtrID": {
								"$ref": "#/definitions/rri:Max140Text",
								"description": "A Unique Identifier for the  Internet Gaming Platform hosting the Player. Operator MAY NOT BE MALTA LICENCED."
							},
							"mga:Player_ID": {
								"$ref": "#/definitions/rri:PlayerIdentificationType1",
								"description": "A Unique Player Identifier as supplied by the Internet Gaming Platform"
							},
							"mga:TtlWgrAmnt": {
								"$ref": "#/definitions/rri:MonetaryAmount",
								"description": "Total Wagered Amount in Monetary Value"
							},
							"mga:Winner": {
								"$ref": "#/definitions/xs:boolean",
								"description": "Winner (Yes/No) ?"
							}
						},
						"required": [
							"mga:Player_ID",
							"mga:TtlWgrAmnt"
						],
						"type": "object"
					},
					"minItems": 1,
					"type": "array"
				},
				"mga:StrtTm": {
					"$ref": "#/definitions/rri:ISODateTime",
					"description": "Start of Game Date/Time Stamp"
				},
				"mga:TblSessionID": {
					"$ref": "#/definitions/rri:Text",
					"description": "Unique Table Session Identifier. "
				},
				"mga:Tournament": {
					"additionalProperties": false,
					"description": "Unique Identifier for a Tournament if part of a Tournament Game",
					"properties": {
						"mga:BuyinAmnt": {
							"$ref": "#/definitions/rri:MonetaryAmount",
							"description": "Buy in Amount"
						},
						"mga:RebuyAmnt": {
							"$ref": "#/definitions/rri:MonetaryAmount",
							"description": "Re Buy in Amount"
						},
						"mga:TrnmntID": {
							"$ref": "#/definitions/rri:Max140Text",
							"description": "Tournament Unique Identification"
						},
						"mga:Type": {
							"$ref": "#/definitions/rri:Max35Text",
							"description": "Tournament Type"
						}
					},
					"required": [
						"mga:TrnmntID",
						"mga:Type"
					],
					"type": "object"
				}
			},
			"required": [
				"mga:EndTm",
				"mga:PotAmnt",
				"mga:RakeAmnt",
				"mga:Seat",
				"mga:StrtTm",
				"mga:TblSessionID"
			],
			"type": "object"
		},
		"mga:Type3PokerGameSummary": {
			"additionalProperties": false,
			"properties": {
				"mga:TtlGamesClsd": {
					"$ref": "#/definitions/mga:GameCount",
					"description": "Totla Games Closed During Period"
				},
				"mga:TtlPotAmnt": {
					"$ref": "#/definitions/rri:MonetaryAmount",
					"description": "Total Pot Amount of games closed during period"
				},
				"mga:TtlRakeAmnt": {
					"$ref": "#/definitions/rri:MonetaryAmount",
					"description": "Total Rake Amount of games closed during period"
				},
				"mga:TtlStakeAmnt": {
					"$ref": "#/definitions/rri:MonetaryAmount",
					"description": "Total Stake Amount of games closed during period"
				}
			},
			"required": [
				"mga:TtlGamesClsd",
				"mga:TtlPotAmnt",
				"mga:TtlRakeAmnt",
				"mga:TtlStakeAmnt"
			],
			"type": "object"
		},
		"mga:Type3PokerTournamentSummary": {
			"additionalProperties": false,
			"properties": {
				"mga:TtlBuyInAmnt": {
					"$ref": "#/definitions/rri:MonetaryAmount",
					"description": "Total amount of Buyins for tournaments closed during period"
				},
				"mga:TtlPrizeAmnt": {
					"$ref": "#/definitions/rri:MonetaryAmount",
					"description": "Total amount of Prize for tournaments closed during period"
				},
				"mga:TtlRebuysAmnt": {
					"$ref": "#/definitions/rri:MonetaryAmount",
					"description": "Total amount of Rebuys for tournaments closed during period"
				},
				"mga:TtlTournamentsClsd": {
					"$ref": "#/definitions/mga:GameCount",
					"description": "Total Tournaments Closed During Period"
				}
			},
			"required": [
				"mga:TtlBuyInAmnt",
				"mga:TtlPrizeAmnt",
				"mga:TtlRebuysAmnt",
				"mga:TtlTournamentsClsd"
			],
			"type": "object"
		},
		"mga:Type3PoolGameSession": {
			"additionalProperties": false,
			"properties": {
				"mga:GameID": {
					"$ref": "#/definitions/rri:Max35Text",
					"description": "Unique Identifier for Pool Game"
				},
				"mga:GameType": {
					"$ref": "#/definitions/mga:Type3Games",
					"description": "Sub- type of Type 3 Game. Defaults to Pool Betting"
				},
				"mga:TtlPrizeAmnt": {
					"$ref": "#/definitions/rri:MonetaryAmount",
					"description": "Total Amount of Prizes handed"
				},
				"mga:TtlStakeAmnt": {
					"$ref": "#/definitions/rri:MonetaryAmount",
					"description": "Total Stake in Pool"
				},
				"mga:TtlTicketsPlyd": {
					"$ref": "#/definitions/mga:GameCount",
					"description": "Total number of Tickets Played in Pool."
				},
				"mga:VendorID": {
					"$ref": "#/definitions/rri:Max35Text",
					"description": "Id for Game Vendor . Optional if the same as Reporting operator"
				}
			},
			"required": [
				"mga:GameID",
				"mga:GameType",
				"mga:TtlPrizeAmnt",
				"mga:TtlStakeAmnt",
				"mga:TtlTicketsPlyd"
			],
			"type": "object"
		},
		"mga:Type3PoolGamesSummary": {
			"additionalProperties": false,
			"properties": {
				"mga:PlGm": {
					"items": {
						"additionalProperties": false,
						"properties": {
							"mga:ClsDt": {
								"$ref": "#/definitions/rri:ISODate",
								"description": "Closing date of Pool Wityhin period"
							},
							"mga:OrgnrOpId": {
								"$ref": "#/definitions/mga:OperatorMTLicence",
								"description": "The license Number of Operator who orgaized the pool game."
							},
							"mga:PlGmId": {
								"$ref": "#/definitions/rri:Max2048Text",
								"description": "A Unique identifier for Pool Game. If the game was a shaared pool then the Id must be the one issued by the Organising Operator."
							},
							"mga:Shared": {
								"$ref": "#/definitions/xs:boolean",
								"description": "True if pool was shared with other operators"
							},
							"mga:TtlOperContrib": {
								"$ref": "#/definitions/xs:anyType",
								"description": "Total Contribution to Operator. This can be different from (TtlStakeAmnt-TtlPrizeAmnt) if the Pool was shared with other  operators"
							},
							"mga:TtlPrizeAmnt": {
								"$ref": "#/definitions/rri:MonetaryAmount",
								"description": "Total prize amount awarded in pool games closed during the period."
							},
							"mga:TtlStakeAmnt": {
								"$ref": "#/definitions/rri:MonetaryAmount",
								"description": "Total stake Amount in pool games closed during the period"
							}
						},
						"required": [
							"mga:ClsDt",
							"mga:PlGmId",
							"mga:TtlOperContrib",
							"mga:TtlPrizeAmnt",
							"mga:TtlStakeAmnt"
						],
						"type": "object"
					},
					"minItems": 1,
					"type": "array"
				},
				"mga:PoolTp": {
					"$ref": "#/definitions/mga:PoolTypes",
					"description": "Typer of Pool Game"
				},
				"mga:TtlPoolGamesClsd": {
					"description": "Total Pool Games closed during period",
					"minimum": 0,
					"type": "number"
				}
			},
			"required": [
				"mga:PlGm",
				"mga:PoolTp",
				"mga:TtlPoolGamesClsd"
			],
			"type": "object"
		},
		"mga:Type3SummaryGameActivityByOperator": {
			"additionalProperties": false,
			"description": "Game Activity by Operator",
			"properties": {
				"mga:OprId": {
					"$ref": "#/definitions/mga:OperatorMTLicence",
					"description": "Operator unique Identifier by MT B2C licence"
				},
				"mga:PkrGmSmry": {
					"items": {
						"$ref": "#/definitions/mga:Type3PokerGameSummary",
						"description": "Any Poker Game"
					},
					"type": "array"
				},
				"mga:PkrTrnmtSmry": {
					"items": {
						"$ref": "#/definitions/mga:Type3PokerTournamentSummary",
						"description": "Poker Torunaments"
					},
					"type": "array"
				},
				"mga:PoolGmSmry": {
					"items": {
						"$ref": "#/definitions/mga:Type3PoolGamesSummary",
						"description": "Any pooled game with shared liquidity including parimutuel games and bingo."
					},
					"type": "array"
				}
			},
			"required": [
				"mga:OprId"
			],
			"type": "object"
		},
		"mga:Type4Games": {
			"description": "Type 4 Games",
			"enum": [
				"American Football",
				"Baseball",
				"Basketball",
				"Canadian Football",
				"Cricket",
				"Esports",
				"Motor sports",
				"Swimming",
				"Water Polo",
				"Golf",
				"Hockey",
				"Horse Racing",
				"Martial arts",
				"First person shooter",
				"MMORG",
				"MOBA",
				"Soccer",
				"Other"
			],
			"maxLength": 35,
			"minLength": 0,
			"type": "string"
		},
		"mga:WagerActivityDetail": {
			"additionalProperties": false,
			"description": "Detailed Information on Wagering Activity",
			"properties": {
				"mga:AmtPlyd": {
					"$ref": "#/definitions/rri:MonetaryAmount",
					"description": "Amount Played/Wagered"
				},
				"mga:AmtWon": {
					"$ref": "#/definitions/rri:MonetaryAmount",
					"description": "Amount Won"
				},
				"mga:PGCPlyd": {
					"$ref": "#/definitions/rri:MonetaryAmount",
					"description": "Player Game Contributions Played"
				},
				"mga:PGCWon": {
					"$ref": "#/definitions/rri:MonetaryAmount",
					"description": "Player Game Contributions Won"
				},
				"mga:TmStmp": {
					"$ref": "#/definitions/rri:ISODateTime",
					"description": "Wager Activity Time Stamp"
				},
				"mga:WgrCcy": {
					"$ref": "#/definitions/rri:CurrencyCode",
					"description": "Wager Currency "
				},
				"mga:WgrTp": {
					"$ref": "#/definitions/rri:WageringStakeType",
					"description": "Wager Type"
				}
			},
			"required": [
				"mga:AmtPlyd",
				"mga:AmtWon",
				"mga:PGCPlyd",
				"mga:PGCWon",
				"mga:TmStmp",
				"mga:WgrCcy",
				"mga:WgrTp"
			],
			"type": "object"
		},
		"mga:WagerActivitySummary": {
			"additionalProperties": false,
			"description": "Summary Information on Wagering Activity",
			"properties": {
				"mga:CCY": {
					"items": {
						"additionalProperties": false,
						"properties": {
							"@BaseRate": {
								"$ref": "#/definitions/xs:decimal"
							},
							"@CCY": {
								"$ref": "#/definitions/rri:ISOCurrencyCode"
							},
							"mga:TtlAmtPlyd": {
								"$ref": "#/definitions/rri:MonetaryAmount",
								"description": "Total money played during period"
							},
							"mga:TtlAmtWon": {
								"$ref": "#/definitions/rri:MonetaryAmount",
								"description": "Total money won during period"
							},
							"mga:TtlPGCPlyd": {
								"$ref": "#/definitions/rri:MonetaryAmount",
								"description": "Total monetary amount of Promotional Gaming Credits played during period"
							}
						},
						"required": [
							"mga:TtlAmtPlyd",
							"mga:TtlAmtWon",
							"mga:TtlPGCPlyd"
						],
						"type": "object"
					},
					"minItems": 1,
					"type": "array"
				}
			},
			"required": [
				"mga:CCY"
			],
			"type": "object"
		},
		"rri:AccountStatusType1": {
			"description": "Player Account Status",
			"enum": [
				"Active",
				"Self Excluded",
				"Blocked",
				"Dormant",
				"Closed",
				"Other"
			],
			"maxLength": 16,
			"minLength": 0,
			"type": "string"
		},
		"rri:AddressType2Code": {
			"description": "Address Types. This Data type is compatible with AdressType2Code of ISO20022.",
			"enum": [
				"ADDR",
				"PBOX",
				"HOME",
				"BIZZ",
				"MLTO",
				"DLVY",
				"OTHR"
			],
			"maxLength": 4,
			"minLength": 0,
			"type": "string"
		},
		"rri:ContactDetailsType1": {
			"additionalProperties": false,
			"description": "Personal Contact Details",
			"properties": {
				"rri:EmailAdr": {
					"$ref": "#/definitions/rri:EmailAddress",
					"description": "Email Address"
				},
				"rri:MobNb": {
					"$ref": "#/definitions/rri:PhoneNumber",
					"description": "Mobile Number"
				},
				"rri:Othr": {
					"items": {
						"$ref": "#/definitions/rri:Max35Text",
						"description": "Use this field for Social Media accounts such as WeChat, Skype, etc."
					},
					"type": "array"
				},
				"rri:PhneNb": {
					"$ref": "#/definitions/rri:PhoneNumber",
					"description": "Phone Number"
				}
			},
			"type": "object"
		},
		"rri:ContactDetailsType2": {
			"additionalProperties": false,
			"description": "Contact Details",
			"properties": {
				"rri:EmailAdr": {
					"$ref": "#/definitions/rri:Max2048Text",
					"description": "Email Address"
				},
				"rri:FaxNb": {
					"$ref": "#/definitions/rri:PhoneNumber",
					"description": "Fax Number"
				},
				"rri:MobNb": {
					"$ref": "#/definitions/rri:PhoneNumber",
					"description": "Mobile Number"
				},
				"rri:Nm": {
					"$ref": "#/definitions/rri:Max140Text",
					"description": "Full Name"
				},
				"rri:NmPrfx": {
					"$ref": "#/definitions/rri:NamePrefix1Code",
					"description": "Name Prefix"
				},
				"rri:Othr": {
					"$ref": "#/definitions/rri:Max35Text",
					"description": "Other Contact Information"
				},
				"rri:PhneNb": {
					"$ref": "#/definitions/rri:PhoneNumber",
					"description": "Telephone Number"
				}
			},
			"type": "object"
		},
		"rri:CurrencyAndAmountType2": {
			"anyOf": [
				{
					"anyOf": [
						{
							"description": "ISO 4217:2015 for fiat Currencies",
							"maxLength": 3,
							"minLength": 0,
							"pattern": "^(A|(D|F|D|P|E|D|F|A|F|N|L|L|M|D|N|G|O|A|O|K|O|N|O|R|R|A|R|L|R|P|R|S|T|S|U|D|W|G|Z|M|ZN)|B|(A|D|A|M|B|D|D|T|E|F|G|L|G|N|H|D|I|F|M|D|N|D|O|B|O|P|O|V|R|B|R|C|R|E|R|L|R|N|R|R|S|D|T|N|W|P|Y|B|Y|N|Y|R|ZD)|C|(A|D|D|F|H|E|H|F|H|W|L|E|L|F|L|P|N|Y|O|P|O|U|R|C|S|D|S|K|U|C|U|P|V|E|Y|P|ZK)|D|(D|M|E|M|J|F|K|K|O|P|ZD)|E|(C|S|C|V|E|K|G|P|R|N|S|A|S|B|S|P|T|B|UR)|F|(I|M|J|D|K|P|RF)|G|(B|P|E|L|H|C|H|S|I|P|M|D|N|E|N|F|Q|E|R|D|T|Q|WP)|H|(K|D|N|L|R|D|R|K|T|G|UF)|I|(D|R|E|P|L|P|L|R|L|S|N|R|Q|D|R|R|S|J|S|K|TL)|J|(M|D|O|D|PY)|K|(E|S|G|S|H|R|M|F|P|W|R|W|W|D|Y|D|ZT)|L|(A|K|B|P|K|R|B|P|K|R|R|D|S|L|T|L|U|F|V|L|YD)|M|(A|D|A|F|C|F|D|L|G|A|G|F|K|D|K|N|L|V|M|K|N|T|O|P|R|O|T|L|U|R|V|Q|V|R|W|K|X|N|X|P|X|V|Y|R|Z|M|ZN)|N|(A|D|G|N|I|O|L|G|O|K|P|R|ZD)|O|M|R|P|(A|B|E|N|G|K|H|P|K|R|L|N|T|E|YG)|Q|A|R|R|(O|N|S|D|U|B|WF)|S|(A|R|B|D|C|R|D|G|E|K|G|D|H|P|I|T|K|K|L|L|M|L|O|S|R|D|S|P|T|D|V|C|Y|P|ZL)|T|(H|B|J|S|M|T|N|D|O|P|R|Y|T|D|W|D|ZS)|U|(A|H|G|X|S|D|S|N|Y|I|YU)|Z|S|V|(A|L|E|F|N|D|UV)|W|S|T|X|(A|F|A|G|A|U|B|A|B|B|B|C|B|D|B|T|C|D|D|R|F|U|O|K|P|D|P|F|P|T|S|U|T|S|UA)|Y|E|R|Z(A|R|M|W|WL))$",
							"type": "string"
						},
						{
							"description": "Codes for Virtual Currencies",
							"maxLength": 3,
							"minLength": 0,
							"pattern": "^([A-Z]{3,3})$",
							"type": "string"
						}
					],
					"description": "All Currencies"
				},
				{
					"description": "Format for representing monetary values. Should be used only in conjuction of with a Currency element or attribute.",
					"type": "number"
				}
			],
			"description": "Currency and Amount Simple Type Combination using an attribute"
		},
		"rri:CurrencyCode": {
			"anyOf": [
				{
					"description": "ISO 4217:2015 for fiat Currencies",
					"maxLength": 3,
					"minLength": 0,
					"pattern": "^(A|(D|F|D|P|E|D|F|A|F|N|L|L|M|D|N|G|O|A|O|K|O|N|O|R|R|A|R|L|R|P|R|S|T|S|U|D|W|G|Z|M|ZN)|B|(A|D|A|M|B|D|D|T|E|F|G|L|G|N|H|D|I|F|M|D|N|D|O|B|O|P|O|V|R|B|R|C|R|E|R|L|R|N|R|R|S|D|T|N|W|P|Y|B|Y|N|Y|R|ZD)|C|(A|D|D|F|H|E|H|F|H|W|L|E|L|F|L|P|N|Y|O|P|O|U|R|C|S|D|S|K|U|C|U|P|V|E|Y|P|ZK)|D|(D|M|E|M|J|F|K|K|O|P|ZD)|E|(C|S|C|V|E|K|G|P|R|N|S|A|S|B|S|P|T|B|UR)|F|(I|M|J|D|K|P|RF)|G|(B|P|E|L|H|C|H|S|I|P|M|D|N|E|N|F|Q|E|R|D|T|Q|WP)|H|(K|D|N|L|R|D|R|K|T|G|UF)|I|(D|R|E|P|L|P|L|R|L|S|N|R|Q|D|R|R|S|J|S|K|TL)|J|(M|D|O|D|PY)|K|(E|S|G|S|H|R|M|F|P|W|R|W|W|D|Y|D|ZT)|L|(A|K|B|P|K|R|B|P|K|R|R|D|S|L|T|L|U|F|V|L|YD)|M|(A|D|A|F|C|F|D|L|G|A|G|F|K|D|K|N|L|V|M|K|N|T|O|P|R|O|T|L|U|R|V|Q|V|R|W|K|X|N|X|P|X|V|Y|R|Z|M|ZN)|N|(A|D|G|N|I|O|L|G|O|K|P|R|ZD)|O|M|R|P|(A|B|E|N|G|K|H|P|K|R|L|N|T|E|YG)|Q|A|R|R|(O|N|S|D|U|B|WF)|S|(A|R|B|D|C|R|D|G|E|K|G|D|H|P|I|T|K|K|L|L|M|L|O|S|R|D|S|P|T|D|V|C|Y|P|ZL)|T|(H|B|J|S|M|T|N|D|O|P|R|Y|T|D|W|D|ZS)|U|(A|H|G|X|S|D|S|N|Y|I|YU)|Z|S|V|(A|L|E|F|N|D|UV)|W|S|T|X|(A|F|A|G|A|U|B|A|B|B|B|C|B|D|B|T|C|D|D|R|F|U|O|K|P|D|P|F|P|T|S|U|T|S|UA)|Y|E|R|Z(A|R|M|W|WL))$",
					"type": "string"
				},
				{
					"description": "Codes for Virtual Currencies",
					"maxLength": 3,
					"minLength": 0,
					"pattern": "^([A-Z]{3,3})$",
					"type": "string"
				}
			],
			"description": "All Currencies"
		},
		"rri:DocumentCategoryType": {
			"description": "Document Type",
			"enum": [
				"Detailed",
				"Summary",
				"Other"
			],
			"maxLength": 16,
			"minLength": 0,
			"type": "string"
		},
		"rri:DocumentHeaderType1": {
			"additionalProperties": false,
			"description": "Document Header Type 1",
			"properties": {
				"rri:CrtDtTm": {
					"$ref": "#/definitions/rri:ISODateTime",
					"description": "Report Creation Date and Time."
				},
				"rri:Ctgy": {
					"$ref": "#/definitions/xs:anyType",
					"description": "Report Category"
				},
				"rri:PrdTp": {
					"$ref": "#/definitions/rri:DocumentPeriodType",
					"description": "Submission Report Period. "
				},
				"rri:RprtOprtr": {
					"$ref": "#/definitions/rri:Max35Text",
					"description": "Gaming Licence ID of Rapporteur"
				},
				"rri:RprtStrtDt": {
					"$ref": "#/definitions/rri:ISODateTime",
					"description": "Report Covering Period Start Date and Time."
				},
				"rri:RprtToCntry": {
					"$ref": "#/definitions/rri:ISOCountryCode",
					"description": "Reporting to Country"
				},
				"rri:RprtURL": {
					"items": {
						"$ref": "#/definitions/rri:URL",
						"description": "List all website that are covered by this report."
					},
					"type": "array"
				},
				"rri:RptPrd": {
					"$ref": "#/definitions/rri:ISODuration",
					"description": "Report Covering Period. Minimum is 1Month, maximum is one day."
				},
				"rri:Tp": {
					"$ref": "#/definitions/rri:DocumentType",
					"description": "Type of Document."
				}
			},
			"required": [
				"rri:CrtDtTm",
				"rri:Ctgy",
				"rri:PrdTp",
				"rri:RprtOprtr",
				"rri:RprtStrtDt",
				"rri:RprtToCntry",
				"rri:RptPrd",
				"rri:Tp"
			],
			"type": "object"
		},
		"rri:DocumentPeriodType": {
			"description": "Document Reporting Period",
			"enum": [
				"Periodic",
				"NearRealtime",
				"Other"
			],
			"maxLength": 16,
			"minLength": 0,
			"type": "string"
		},
		"rri:DocumentType": {
			"description": "Document Type",
			"enum": [
				"Report",
				"Message",
				"Data Extract",
				"Other"
			],
			"maxLength": 16,
			"minLength": 0,
			"type": "string"
		},
		"rri:EmailAddress": {
			"description": "Email Address according to the RFC 882",
			"maxLength": 255,
			"minLength": 0,
			"pattern": "^([\\w\\D][\\w\\D]*@([\\W\\d\\$\\+<->A-Z`-z~¢-ª¬®-¶¸-º¼-¾À-ͷͺ-ͽ΄-ΆΈ-ΊΌΎ-ΡΣ-ԧԱ-Ֆՙա-և֑-ֽֿׁ-ׂׄ-ׇׅא-תװ-ײ؆-؈؋؎-ؚؠ-ٟٮ-ۓە-ۜ۞-ۯۺ-ۿܐ-݊ݍ-ޱߊ-߶ߺࠀ-࠭ࡀ-࡛ऀ-ॣॱ-ॷॹ-ॿঁ-ঃঅ-ঌএ-ঐও-নপ-রলশ-হ়-ৄে-ৈো-ৎৗড়-ঢ়য়-ৣৰ-৻ਁ-ਃਅ-ਊਏ-ਐਓ-ਨਪ-ਰਲ-ਲ਼ਵ-ਸ਼ਸ-ਹ਼ਾ-ੂੇ-ੈੋ-੍ੑਖ਼-ੜਫ਼ੰ-ੵઁ-ઃઅ-ઍએ-ઑઓ-નપ-રલ-ળવ-હ઼-ૅે-ૉો-્ૐૠ-ૣ૱ଁ-ଃଅ-ଌଏ-ଐଓ-ନପ-ରଲ-ଳଵ-ହ଼-ୄେ-ୈୋ-୍ୖ-ୗଡ଼-ଢ଼ୟ-ୣ୰-୷ஂ-ஃஅ-ஊஎ-ஐஒ-கங-சஜஞ-டண-தந-பம-ஹா-ூெ-ைொ-்ௐௗ௰-௺ఁ-ఃఅ-ఌఎ-ఐఒ-నప-ళవ-హఽ-ౄె-ైొ-్ౕ-ౖౘ-ౙౠ-ౣ౸-౿ಂ-ಃಅ-ಌಎ-ಐಒ-ನಪ-ಳವ-ಹ಼-ೄೆ-ೈೊ-್ೕ-ೖೞೠ-ೣೱ-ೲം-ഃഅ-ഌഎ-ഐഒ-ഺഽ-ൄെ-ൈൊ-ൎൗൠ-ൣ൰-൵൹-ൿං-ඃඅ-ඖක-නඳ-රලව-ෆ්ා-ුූෘ-ෟෲ-ෳก-ฺ฿-๎ກ-ຂຄງ-ຈຊຍດ-ທນ-ຟມ-ຣລວສ-ຫອ-ູົ-ຽເ-ໄໆ່-ໍໜ-ໝༀ-༃༓-༟༪-༹༾-ཇཉ-ཬཱ-྄྆-ྗྙ-ྼ྾-࿌࿎-࿏࿕-࿘က-ဿၐ-ႏႚ-Ⴥა-ჺჼᄀ-ቈቊ-ቍቐ-ቖቘቚ-ቝበ-ኈኊ-ኍነ-ኰኲ-ኵኸ-ኾዀዂ-ዅወ-ዖዘ-ጐጒ-ጕጘ-ፚ፝-፠፩-፼ᎀ-᎙Ꭰ-Ᏼᐁ-ᙬᙯ-ᙿᚁ-ᚚᚠ-ᛪᛮ-ᛰᜀ-ᜌᜎ-᜔ᜠ-᜴ᝀ-ᝓᝠ-ᝬᝮ-ᝰᝲ-ᝳក-ឳា-៓ៗ៛-៝៰-៹᠋-᠍ᠠ-ᡷᢀ-ᢪᢰ-ᣵᤀ-ᤜᤠ-ᤫᤰ-᤻᥀ᥐ-ᥭᥰ-ᥴᦀ-ᦫᦰ-ᧉ᧚᧞-ᨛᨠ-ᩞ᩠-᩿᩼ᪧᬀ-ᭋ᭡-᭼ᮀ-᮪ᮮ-ᮯᯀ-᯳ᰀ-᰷ᱍ-ᱏᱚ-ᱽ᳐-᳔᳒-ᳲᴀ-ᷦ᷼-ἕἘ-Ἕἠ-ὅὈ-Ὅὐ-ὗὙὛὝὟ-ώᾀ-ᾴᾶ-ῄῆ-ΐῖ-Ί῝-`ῲ-ῴῶ-῾⁄⁒⁰-ⁱ⁴-⁼ⁿ-₌ₐ-ₜ₠-₹⃐-⃰℀-↉←-⌨⌫-⏳␀-␦⑀-⑊①-⛿✁-❧❶-⟄⟇-⟊⟌⟎-⟥⟰-⦂⦙-⧗⧜-⧻⧾-⭌⭐-⭙Ⰰ-Ⱞⰰ-ⱞⱠ-⳱⳽ⴀ-ⴥⴰ-ⵥⵯ⵿-ⶖⶠ-ⶦⶨ-ⶮⶰ-ⶶⶸ-ⶾⷀ-ⷆⷈ-ⷎⷐ-ⷖⷘ-ⷞⷠ-ⷿⸯ⺀-⺙⺛-⻳⼀-⿕⿰-⿻〄-〇〒-〓〠-〯〱-〼〾-〿ぁ-ゖ゙-ゟァ-ヺー-ヿㄅ-ㄭㄱ-ㆎ㆐-ㆺ㇀-㇣ㇰ-㈞㈠-㋾㌀-䶵䷀-鿋ꀀ-ꒌ꒐-꓆ꓐ-ꓽꔀ-ꘌꘐ-ꘟꘪ-ꘫꙀ-꙲꙼-꙽ꙿ-ꚗꚠ-꛱꜀-ꞎꞐ-ꞑꞠ-ꞩꟺ-꠫꠰-꠹ꡀ-ꡳꢀ-꣄꣠-ꣷꣻꤊ-꤭ꤰ-꥓ꥠ-ꥼꦀ-꧀ꧏꨀ-ꨶꩀ-ꩍꩠ-ꩻꪀ-ꫂꫛ-ꫝꬁ-ꬆꬉ-ꬎꬑ-ꬖꬠ-ꬦꬨ-ꬮꯀ-ꯪ꯬-꯭가-힣ힰ-ퟆퟋ-ퟻ豈-鶴侮-舘並-龎ﬀ-ﬆﬓ-ﬗיִ-זּטּ-לּמּנּ-סּףּ-פּצּ-﯁ﯓ-ﴽﵐ-ﶏﶒ-ﷇﷰ-﷽︀-️︠-︦﹢﹤-﹦﹩ﹰ-ﹴﹶ-ﻼ＄＋＜-＞Ａ-Ｚ＾｀-ｚ｜～ｦ-ﾾￂ-ￇￊ-ￏￒ-ￗￚ-ￜ￠-￦￨-￮￼-�𐀀-𐀋𐀍-𐀦𐀨-𐀺𐀼-𐀽𐀿-𐁍𐁐-𐁝𐂀-𐃺𐄂𐄇-𐄳𐄷-𐆊𐆐-𐆛𐇐-𐇽𐊀-𐊜𐊠-𐋐𐌀-𐌞𐌠-𐌣𐌰-𐍊𐎀-𐎝𐎠-𐏃𐏈-𐏏𐏑-𐏕𐐀-𐒝𐠀-𐠅𐠈𐠊-𐠵𐠷-𐠸𐠼𐠿-𐡕𐡘-𐡟𐤀-𐤛𐤠-𐤹𐨀-𐨃𐨅-𐨆𐨌-𐨓𐨕-𐨗𐨙-𐨳𐨸-𐨿𐨺-𐩇𐩠-𐩾𐬀-𐬵𐭀-𐭕𐭘-𐭲𐭸-𐭿𐰀-𐱈𐹠-𐹾𑀀-𑁆𑁒-𑁥𑂀-𑂺𒀀-𒍮𒐀-𒑢𓀀-𓐮𖠀-𖨸𛀀-𛀁𝀀-𝃵𝄀-𝄦𝄩-𝅲𝅻-𝇝𝈀-𝉅𝌀-𝍖𝍠-𝍱𝐀-𝑔𝑖-𝒜𝒞-𝒟𝒢𝒥-𝒦𝒩-𝒬𝒮-𝒹𝒻𝒽-𝓃𝓅-𝔅𝔇-𝔊𝔍-𝔔𝔖-𝔜𝔞-𝔹𝔻-𝔾𝕀-𝕄𝕆𝕊-𝕐𝕒-𝚥𝚨-𝟋🀀-🀫🀰-🂓🂠-🂮🂱-🂾🃁-🃏🃑-🃟🄀-🄊🄐-🄮🄰-🅩🅰-🆚🇦-🈂🈐-🈺🉀-🉈🉐-🉑🌀-🌠🌰-🌵🌷-🍼🎀-🎓🎠-🏄🏆-🏊🏠-🏰🐀-🐾👀👂-📷📹-📼🔀-🔽🕐-🕧🗻-🗿😁-😐😒-😔😖😘😚😜-😞😠-😥😨-😫😭😰-😳😵-🙀🙅-🙏🚀-🛅🜀-🝳𠀀-𪛖𪜀-𫜴𫝀-𫠝丽-𪘀󠄀-󠇯])+\\.[\\w\\D]+)$",
			"type": "string"
		},
		"rri:FundingTypes": {
			"description": "Funding Types",
			"enum": [
				"Cash",
				"Credit Card",
				"Virtual Financial Asset",
				"Other"
			],
			"maxLength": 35,
			"minLength": 0,
			"type": "string"
		},
		"rri:GameTypes": {
			"description": "Types of Gaming ",
			"enum": [
				"Slots",
				"Video Poker",
				"Table",
				"Fixed Odds Betting",
				"Binary Options",
				"Pari Mutuel",
				"Totalizer",
				"Lottery",
				"Raffle",
				"Distributed Pool Prize",
				"Bingo",
				"Poker",
				"Betting Exchange",
				"Fantasy",
				"Pachinko",
				"Other"
			],
			"maxLength": 35,
			"minLength": 0,
			"type": "string"
		},
		"rri:GamingDeliveryChannelType1": {
			"description": "Game Delivery Channel from Operator to Player",
			"enum": [
				"Land-based",
				"Online",
				"Live-Stream",
				"Other"
			],
			"maxLength": 35,
			"minLength": 0,
			"type": "string"
		},
		"rri:GamingTerminalType1": {
			"description": "Type of  Player Gaming Device",
			"enum": [
				"Personal Computer",
				"Dedicated Terminal",
				"Personal Mobile",
				"Dedciated  Mobile",
				"Electronic Gaming Machine",
				"Paper Based",
				"Other"
			],
			"maxLength": 35,
			"minLength": 0,
			"type": "string"
		},
		"rri:IPv4Address": {
			"description": "IPv4 address in dot-decimal notation as defined by IETF Standard. Equivalent to [0-255].[0-255].[0-255].[0-255]",
			"maxLength": 255,
			"minLength": 0,
			"pattern": "^(((1?|[0-9]?|[0-9]|2|[0-4]|[0-9]|25[0-5])\\.){3,3}(1?|[0-9]?|[0-9]|2|[0-4]|[0-9]|25[0-5]))$",
			"type": "string"
		},
		"rri:ISOCountryCode": {
			"description": "ISO 3166 alpha-2",
			"maxLength": 2,
			"minLength": 0,
			"pattern": "^((A|[D-GIL-MOQ-UW-XZ]|B|[A-BD-JL-OQ-TV-WY-Z]|C|[AC-DF-IK-ORU-Z]|D|[EJ-KMOZ]|E|[CEG-HR-T]|F|[I-KMOR]|G|[A-BD-IL-NP-UWY]|H|[KM-NRT-U]|I|[D-EL-OQ-T]|J|[EMO-P]|K|[EG-IM-NPRWY-Z]|L|[A-CIKR-VY]|M|[AC-HK-Z]|N|[ACE-GILO-PRUZ]|O|M|P|[AE-HK-NR-TWY]|Q|A|R|[EOSUW]|S|[A-EG-OR-TVX-Z]|T|[C-DF-HJ-ORTV-WZ]|U|[AGMSY-Z]|V|[ACEGINU]|W|[FS]|Y|[ET]|Z[AMW]))$",
			"type": "string"
		},
		"rri:ISOCurrencyCode": {
			"description": "ISO 4217:2015 for fiat Currencies",
			"maxLength": 3,
			"minLength": 0,
			"pattern": "^(A|(D|F|D|P|E|D|F|A|F|N|L|L|M|D|N|G|O|A|O|K|O|N|O|R|R|A|R|L|R|P|R|S|T|S|U|D|W|G|Z|M|ZN)|B|(A|D|A|M|B|D|D|T|E|F|G|L|G|N|H|D|I|F|M|D|N|D|O|B|O|P|O|V|R|B|R|C|R|E|R|L|R|N|R|R|S|D|T|N|W|P|Y|B|Y|N|Y|R|ZD)|C|(A|D|D|F|H|E|H|F|H|W|L|E|L|F|L|P|N|Y|O|P|O|U|R|C|S|D|S|K|U|C|U|P|V|E|Y|P|ZK)|D|(D|M|E|M|J|F|K|K|O|P|ZD)|E|(C|S|C|V|E|K|G|P|R|N|S|A|S|B|S|P|T|B|UR)|F|(I|M|J|D|K|P|RF)|G|(B|P|E|L|H|C|H|S|I|P|M|D|N|E|N|F|Q|E|R|D|T|Q|WP)|H|(K|D|N|L|R|D|R|K|T|G|UF)|I|(D|R|E|P|L|P|L|R|L|S|N|R|Q|D|R|R|S|J|S|K|TL)|J|(M|D|O|D|PY)|K|(E|S|G|S|H|R|M|F|P|W|R|W|W|D|Y|D|ZT)|L|(A|K|B|P|K|R|B|P|K|R|R|D|S|L|T|L|U|F|V|L|YD)|M|(A|D|A|F|C|F|D|L|G|A|G|F|K|D|K|N|L|V|M|K|N|T|O|P|R|O|T|L|U|R|V|Q|V|R|W|K|X|N|X|P|X|V|Y|R|Z|M|ZN)|N|(A|D|G|N|I|O|L|G|O|K|P|R|ZD)|O|M|R|P|(A|B|E|N|G|K|H|P|K|R|L|N|T|E|YG)|Q|A|R|R|(O|N|S|D|U|B|WF)|S|(A|R|B|D|C|R|D|G|E|K|G|D|H|P|I|T|K|K|L|L|M|L|O|S|R|D|S|P|T|D|V|C|Y|P|ZL)|T|(H|B|J|S|M|T|N|D|O|P|R|Y|T|D|W|D|ZS)|U|(A|H|G|X|S|D|S|N|Y|I|YU)|Z|S|V|(A|L|E|F|N|D|UV)|W|S|T|X|(A|F|A|G|A|U|B|A|B|B|B|C|B|D|B|T|C|D|D|R|F|U|O|K|P|D|P|F|P|T|S|U|T|S|UA)|Y|E|R|Z(A|R|M|W|WL))$",
			"type": "string"
		},
		"rri:ISODate": {
			"description": "ISO 8601 Basic and Extended Notations as YYYY-MM-DD",
			"type": "string"
		},
		"rri:ISODateTime": {
			"description": "ISO 8601 Basic and Extended Notations as YYYY-MM-DDTHH:MM:SS in UTC format",
			"pattern": "^((\\-?([1-9][0-9]*)?[0-9]{4,4})\\-(1|[0-2]|0[1-9])\\-(3|[0-1]|0|[1-9]|[1-2][0-9])T(2|[0-3]|[0-1][0-9])\\:([0-5][0-9])\\:([0-5][0-9])(\\\\[\\w\\D][0-9]+)?(Z)?)$",
			"type": "string"
		},
		"rri:ISODuration": {
			"description": "ISO 8601 Basic and Extended Notations as P(n)Y(n)M(n)DT(n)H(n)M(n)S",
			"pattern": "^(P[0-9]{1,2}[DHMY])$",
			"type": "string"
		},
		"rri:ISODurationDay": {
			"description": "ISO 8601 Basic and Extended Notations as P(n)D",
			"pattern": "^(P[1-3]?[0-9]D)$",
			"type": "string"
		},
		"rri:ISODurationMonth": {
			"description": "ISO 8601 Basic and Extended Notations as P(n)M",
			"pattern": "^(P[1-9][0-2]?M)$",
			"type": "string"
		},
		"rri:IdDocumentTypes": {
			"description": "Type of Personal Identification Document",
			"enum": [
				"Passport",
				"Driving License",
				"National ID Card",
				"Voters Card",
				"Other"
			],
			"maxLength": 35,
			"minLength": 0,
			"type": "string"
		},
		"rri:JackpotEndType": {
			"description": "Terminating Method of a Jackpot",
			"enum": [
				"Won",
				"Withdrawn",
				"Merged",
				"Other"
			],
			"maxLength": 16,
			"minLength": 0,
			"type": "string"
		},
		"rri:JackpotInfoType1": {
			"additionalProperties": false,
			"description": "Jackpot Info Type 1",
			"properties": {
				"rri:JackpotName": {
					"$ref": "#/definitions/rri:Max35Text",
					"description": "Identifier for the jackpot."
				},
				"rri:TtlAmount": {
					"$ref": "#/definitions/rri:MonetaryAmount",
					"description": "Total Amount of the jackpot at the end of the period"
				},
				"rri:ccy": {
					"$ref": "#/definitions/rri:CurrencyCode",
					"description": "Currency of the accumulator"
				}
			},
			"required": [
				"rri:JackpotName",
				"rri:TtlAmount",
				"rri:ccy"
			],
			"type": "object"
		},
		"rri:JackpotInfoType2": {
			"additionalProperties": false,
			"description": "Jackpot Info Type 2",
			"properties": {
				"rri:CCY": {
					"$ref": "#/definitions/rri:CurrencyCode",
					"description": "Currency of the Jackpot accumulator"
				},
				"rri:JckptAmnt": {
					"$ref": "#/definitions/rri:MonetaryAmount",
					"description": "Amount of jackpot at the end of the period"
				},
				"rri:JckptEndTp": {
					"$ref": "#/definitions/rri:JackpotEndType",
					"description": "End Information"
				},
				"rri:JckptNm": {
					"$ref": "#/definitions/rri:Max35Text",
					"description": "Identifier for the jackpot."
				},
				"rri:JckptPlTp": {
					"$ref": "#/definitions/rri:JackpotPoolTypes",
					"description": "Jackpot Pool Type"
				},
				"rri:JckptPrzTp": {
					"$ref": "#/definitions/rri:JackpotPrizeTypes",
					"description": "Jackpot Link Type"
				},
				"rri:JckptStrtDt": {
					"$ref": "#/definitions/rri:ISODate",
					"description": "Jackpot Start Date"
				}
			},
			"required": [
				"rri:CCY",
				"rri:JckptAmnt",
				"rri:JckptNm",
				"rri:JckptPlTp",
				"rri:JckptPrzTp",
				"rri:JckptStrtDt"
			],
			"type": "object"
		},
		"rri:JackpotPoolTypes": {
			"description": "Jackpot Pool Type",
			"enum": [
				"Standalone",
				"Proprietary",
				"Wide Area",
				"Shared",
				"Other"
			],
			"maxLength": 16,
			"minLength": 0,
			"type": "string"
		},
		"rri:JackpotPrizeTypes": {
			"description": "Jackpot Prize Type",
			"enum": [
				"Fixed",
				"Progressive",
				"Mystery",
				"Other"
			],
			"maxLength": 16,
			"minLength": 0,
			"type": "string"
		},
		"rri:Max140Text": {
			"description": "Simple Character string datatype with max length of 140 chars",
			"maxLength": 140,
			"minLength": 0,
			"type": "string"
		},
		"rri:Max16Text": {
			"description": "Simple Character string datatype with max length of 16 chars",
			"maxLength": 16,
			"minLength": 0,
			"type": "string"
		},
		"rri:Max2048Text": {
			"description": "Simple Character string datatype with max length of 2048 chars",
			"maxLength": 2048,
			"minLength": 0,
			"type": "string"
		},
		"rri:Max255Text": {
			"description": "Simple Character string datatype with max length of 256 chars",
			"maxLength": 255,
			"minLength": 0,
			"type": "string"
		},
		"rri:Max2Text": {
			"description": "Simple Character string datatype with max length of 2 chars",
			"maxLength": 2,
			"minLength": 0,
			"type": "string"
		},
		"rri:Max35Text": {
			"description": "Simple Character string datatype with max length of 35 chars",
			"maxLength": 35,
			"minLength": 0,
			"type": "string"
		},
		"rri:Max3Text": {
			"description": "Simple Character string datatype with max length of 3 chars",
			"maxLength": 3,
			"minLength": 0,
			"type": "string"
		},
		"rri:Max4Text": {
			"description": "Simple Character string datatype with max length of 4 chars",
			"maxLength": 4,
			"minLength": 0,
			"type": "string"
		},
		"rri:Max70Text": {
			"description": "Simple Character string datatype with max length of 70 chars",
			"maxLength": 70,
			"minLength": 0,
			"type": "string"
		},
		"rri:MonetaryAmount": {
			"description": "Format for representing monetary values. Should be used only in conjuction of with a Currency element or attribute.",
			"type": "number"
		},
		"rri:NamePrefix1Code": {
			"description": "Name Prefixes or Titles",
			"enum": [
				"DR",
				"MR",
				"MRS",
				"MADM",
				"MISS",
				"MAID",
				"REV",
				"FR",
				"SR"
			],
			"maxLength": 4,
			"minLength": 0,
			"type": "string"
		},
		"rri:Number": {
			"description": "Generic Numeric datatype",
			"type": "number"
		},
		"rri:PersonalDetailsType1": {
			"additionalProperties": false,
			"description": "Player Personal Details",
			"properties": {
				"rri:FrstNm": {
					"$ref": "#/definitions/rri:Max35Text",
					"description": "First Name"
				},
				"rri:LstNm": {
					"$ref": "#/definitions/rri:Max35Text",
					"description": "Last Name"
				},
				"rri:MdlNms": {
					"items": {
						"$ref": "#/definitions/rri:Max35Text",
						"description": "Middle Name"
					},
					"type": "array"
				},
				"rri:Prfx": {
					"$ref": "#/definitions/rri:NamePrefix1Code",
					"description": "Prefix"
				}
			},
			"required": [
				"rri:FrstNm",
				"rri:LstNm"
			],
			"type": "object"
		},
		"rri:PersonalDetailsType2": {
			"additionalProperties": false,
			"description": "Player Personal Details ",
			"properties": {
				"rri:FrstNm": {
					"$ref": "#/definitions/rri:Max35Text",
					"description": "First Name"
				},
				"rri:LstNm": {
					"$ref": "#/definitions/rri:Max35Text",
					"description": "Last Name"
				},
				"rri:MdlNms": {
					"items": {
						"$ref": "#/definitions/rri:Max35Text",
						"description": "Middle Name"
					},
					"type": "array"
				},
				"rri:Prfx": {
					"$ref": "#/definitions/rri:NamePrefix1Code",
					"description": "Prefix"
				},
				"rri:PrsnID": {
					"items": {
						"$ref": "#/definitions/rri:PersonalIdDocumentType1",
						"description": "Personal Identification of Account Holder."
					},
					"minItems": 1,
					"type": "array"
				}
			},
			"required": [
				"rri:FrstNm",
				"rri:LstNm",
				"rri:PrsnID"
			],
			"type": "object"
		},
		"rri:PersonalIdDocumentType1": {
			"additionalProperties": false,
			"description": "Type of Personal Identification Document",
			"properties": {
				"rri:DocTp": {
					"$ref": "#/definitions/rri:IdDocumentTypes",
					"description": "Personal Identification Document Type. See Personal Document ID Types"
				},
				"rri:PrsnlIDNmbr": {
					"$ref": "#/definitions/rri:Max35Text",
					"description": "Personal Identification Number."
				}
			},
			"required": [
				"rri:DocTp",
				"rri:PrsnlIDNmbr"
			],
			"type": "object"
		},
		"rri:PhoneNumber": {
			"description": "Phone Number data type",
			"pattern": "^(\\+[0-9]{1,3}\\-[\\(-\\)\\+\\-0-9]{1,30})$",
			"type": "string"
		},
		"rri:PlayerIdentificationType1": {
			"additionalProperties": false,
			"description": "Player Identification Information",
			"properties": {
				"rri:Id": {
					"$ref": "#/definitions/rri:Max2048Text",
					"description": "A unique identification that is traceable to a player."
				}
			},
			"required": [
				"rri:Id"
			],
			"type": "object"
		},
		"rri:PlayerIdentificationType2": {
			"additionalProperties": false,
			"description": "Player Identification Information using a goverment issued document.",
			"properties": {
				"rri:Id": {
					"$ref": "#/definitions/rri:Max2048Text",
					"description": "Identification Number issued by operator to trace the player"
				},
				"rri:IdDoc": {
					"$ref": "#/definitions/rri:PersonalIdDocumentType1",
					"description": "Identification Document"
				}
			},
			"required": [
				"rri:Id",
				"rri:IdDoc"
			],
			"type": "object"
		},
		"rri:PlayerIdentificationType3": {
			"description": "Player Identification Information",
			"maxLength": 35,
			"minLength": 0,
			"pattern": "^(0x [0-9A-Za-z]*)$",
			"type": "string"
		},
		"rri:PlayerIdentificationType4": {
			"additionalProperties": false,
			"description": "Player Details Information",
			"properties": {
				"rri:AMLFlag": {
					"$ref": "#/definitions/xs:boolean"
				},
				"rri:AcctCrtDt": {
					"$ref": "#/definitions/rri:ISODate",
					"description": "Account Credit Date"
				},
				"rri:BrthCntry": {
					"$ref": "#/definitions/rri:ISOCountryCode",
					"description": "Country of Birth"
				},
				"rri:DoB": {
					"$ref": "#/definitions/rri:ISODate",
					"description": "Date Of Birth"
				},
				"rri:PlayerUniqueId": {
					"$ref": "#/definitions/xs:string",
					"description": "Player Unique Identification given by operator. "
				},
				"rri:PlyrFrstNm": {
					"$ref": "#/definitions/xs:string",
					"description": "Player First Name"
				},
				"rri:PlyrLstNm": {
					"$ref": "#/definitions/xs:string",
					"description": "Player last Name"
				},
				"rri:PlyrMdlNms": {
					"items": {
						"$ref": "#/definitions/xs:string",
						"description": "Player Middle Name"
					},
					"type": "array"
				},
				"rri:PlyrTp": {
					"$ref": "#/definitions/rri:PlayerTypes2",
					"description": "Player Type"
				},
				"rri:PrsnID": {
					"items": {
						"$ref": "#/definitions/xs:string",
						"description": "Personal ID"
					},
					"type": "array"
				},
				"rri:ResCntry": {
					"$ref": "#/definitions/rri:ISOCountryCode",
					"description": "Residential Country"
				}
			},
			"required": [
				"rri:PlayerUniqueId",
				"rri:PlyrFrstNm",
				"rri:PlyrLstNm"
			],
			"type": "object"
		},
		"rri:PlayerIdentificationType5": {
			"additionalProperties": false,
			"description": "Player Identification Information",
			"properties": {
				"rri:CntctDtl": {
					"$ref": "#/definitions/rri:ContactDetailsType1",
					"description": "Contact Details of the Account Holder."
				},
				"rri:CtryOfBirth": {
					"$ref": "#/definitions/rri:ISOCountryCode",
					"description": "Country of Birth of Account Holder."
				},
				"rri:CtryOfRes": {
					"$ref": "#/definitions/rri:ISOCountryCode",
					"description": "Country of  Residency if Tp is Individual or Junket. Otherwise Country of Tax Residency if Tp=Corporate.\t\t"
				},
				"rri:DoB": {
					"$ref": "#/definitions/rri:ISODate",
					"description": "Date of Birth of Account Holder if Tp is Individual or Junket."
				},
				"rri:LgnIP": {
					"$ref": "#/definitions/rri:IPv4Address",
					"description": "IP V4 Address of the  last login."
				},
				"rri:LstLgnDt": {
					"$ref": "#/definitions/rri:ISODate",
					"description": "Date of last login."
				},
				"rri:PersnDtl": {
					"$ref": "#/definitions/rri:PersonalDetailsType2",
					"description": "Personal Details of Account Holder. Applies only if Tp is Individual or Junket. This can only be omitted if TP is Test or Corporate."
				},
				"rri:PlyrId": {
					"description": "Player Unique Id as referred to in the Player Managment System.",
					"maxLength": 2048,
					"minLength": 1,
					"type": "string"
				},
				"rri:PlyrTp": {
					"$ref": "#/definitions/rri:PlayerTypes1",
					"description": "Type of Player. Important to report test accounts, junkets and corporate players"
				},
				"rri:PstlAddr": {
					"$ref": "#/definitions/rri:PostalAddress1",
					"description": "Postal Address of the Account Holder"
				}
			},
			"required": [
				"rri:CntctDtl",
				"rri:CtryOfRes",
				"rri:LgnIP",
				"rri:LstLgnDt",
				"rri:PlyrId",
				"rri:PstlAddr"
			],
			"type": "object"
		},
		"rri:PlayerIdentificationType6": {
			"additionalProperties": false,
			"description": "Player Details Information",
			"properties": {
				"rri:BrthCntry": {
					"$ref": "#/definitions/rri:ISOCountryCode",
					"description": "Natural Country of Birth"
				},
				"rri:PlayerUniqueId": {
					"$ref": "#/definitions/xs:string",
					"description": "Player Unique Identification given by operator. "
				},
				"rri:PlyrFrstNm": {
					"$ref": "#/definitions/xs:string",
					"description": "Player First Name"
				},
				"rri:PlyrLstNm": {
					"$ref": "#/definitions/xs:string",
					"description": "Player last Name"
				},
				"rri:PlyrMdlNms": {
					"items": {
						"$ref": "#/definitions/xs:string",
						"description": "Player Middle Name"
					},
					"type": "array"
				},
				"rri:ResCntry": {
					"$ref": "#/definitions/rri:ISOCountryCode",
					"description": "Country of Residence (for tax purposes)"
				}
			},
			"required": [
				"rri:PlayerUniqueId",
				"rri:PlyrFrstNm",
				"rri:PlyrLstNm"
			],
			"type": "object"
		},
		"rri:PlayerTypes1": {
			"description": "Type of Player for Land Based Gaming",
			"enum": [
				"Junket",
				"Walk In"
			],
			"maxLength": 16,
			"minLength": 0,
			"type": "string"
		},
		"rri:PlayerTypes2": {
			"description": "Type of Player for all Gaming",
			"enum": [
				"Account Based",
				"Walk In",
				"Junket",
				"Corporate",
				"Other"
			],
			"maxLength": 16,
			"minLength": 0,
			"type": "string"
		},
		"rri:PostalAddress1": {
			"additionalProperties": false,
			"description": "Postal Address Information",
			"properties": {
				"rri:AdrTp": {
					"$ref": "#/definitions/rri:AddressType2Code",
					"description": "See Address types."
				},
				"rri:BldgNb": {
					"$ref": "#/definitions/rri:Max16Text",
					"description": "Building, Office or Suite Number "
				},
				"rri:Ctry": {
					"$ref": "#/definitions/rri:ISOCountryCode",
					"description": "Country"
				},
				"rri:CtrySubDvsn": {
					"items": {
						"$ref": "#/definitions/rri:Max35Text",
						"description": "Country Subdivison"
					},
					"type": "array"
				},
				"rri:Dept": {
					"$ref": "#/definitions/rri:Max70Text",
					"description": "Department"
				},
				"rri:PstCd": {
					"$ref": "#/definitions/rri:Max16Text",
					"description": "Postal Code used to deliver mail"
				},
				"rri:StrtNm": {
					"$ref": "#/definitions/rri:Max70Text",
					"description": "Street Number"
				},
				"rri:SubDept": {
					"$ref": "#/definitions/rri:Max70Text",
					"description": "Sub Department"
				},
				"rri:TwnNm": {
					"$ref": "#/definitions/rri:Max35Text",
					"description": "City or Town name"
				},
				"rri:addrLn": {
					"$ref": "#/definitions/rri:addressLineType",
					"description": "Address Lines"
				}
			},
			"required": [
				"rri:Ctry",
				"rri:TwnNm",
				"rri:addrLn"
			],
			"type": "object"
		},
		"rri:Text": {
			"description": "Generic Text datatype",
			"type": "string"
		},
		"rri:URL": {
			"description": "Uniform Resource Locator as defined by IETF and W3C. The format is \"scheme:[//authority]path[?query][#fragment]\"",
			"maxLength": 255,
			"minLength": 0,
			"pattern": "^([A-Za-z]+\\://([\\-0-9A-Za-z]+\\.)+[A-Za-z]{2,63}/?)$",
			"type": "string"
		},
		"rri:VirtualCurrencyCode": {
			"description": "Codes for Virtual Currencies",
			"maxLength": 3,
			"minLength": 0,
			"pattern": "^([A-Z]{3,3})$",
			"type": "string"
		},
		"rri:WageringStakeType": {
			"description": "Types of Stake used for wagering",
			"enum": [
				"Cash",
				"Account Based",
				"Bank Transfer",
				"EFT",
				"VFA",
				"Other"
			],
			"maxLength": 16,
			"minLength": 0,
			"type": "string"
		},
		"rri:addressLineType": {
			"additionalProperties": false,
			"properties": {
				"rri:addressLine": {
					"$ref": "#/definitions/rri:Max70Text"
				},
				"rri:nextaddrLn": {
					"$ref": "#/definitions/rri:addressLineType"
				}
			},
			"required": [
				"rri:addressLine"
			],
			"type": "object"
		},
		"rri:fullnameType": {
			"additionalProperties": false,
			"properties": {
				"rri:addrLn": {
					"$ref": "#/definitions/rri:addressLineType"
				},
				"rri:name": {
					"$ref": "#/definitions/xs:string"
				}
			},
			"required": [
				"rri:name"
			],
			"type": "object"
		},
		"xs:anyType": {
			"additionalProperties": false,
			"patternProperties": {
				"^@\\w+$": {
					"type": [
						"string",
						"number",
						"boolean"
					]
				},
				"^\\w+$": {
				}
			},
			"properties": {
				"$": {
					"type": [
						"string",
						"number",
						"boolean"
					]
				}
			},
			"type": [
				"object",
				"string",
				"number",
				"boolean"
			]
		},
		"xs:boolean": {
			"type": "boolean"
		},
		"xs:decimal": {
			"type": "number"
		},
		"xs:string": {
			"type": "string"
		}
	},
	"description": "JSON Schema generated by XMLSpy v2020 rel. 2 sp1 (x64) (http://www.altova.com)",
	"properties": {
		"@xmlns:mga": {
			"default": "MGA"
		},
		"@xmlns:rri": {
			"default": "RRI"
		},
		"@xmlns:xs": {
			"default": "http://www.w3.org/2001/XMLSchema"
		},
		"mga:B2CCompSmryRpt": {
			"$ref": "#/definitions/.mga:B2CCompSmryRpt"
		},
		"mga:BettingActivitySummary": {
			"$ref": "#/definitions/.mga:BettingActivitySummary"
		},
		"mga:CurrencyType": {
			"$ref": "#/definitions/.mga:CurrencyType"
		}
	},
	"type": "object"
}